timestamp,measured,forecast,lower,upper,elia_forecast
2020-05-04 22:00:00+00:00,194.19,184.2859356068621,110.4412793718232,221.41542864895462,207.7525
2020-05-04 23:00:00+00:00,312.245,239.49346166157608,138.6413110300926,309.35459901020204,249.49
2020-05-05 00:00:00+00:00,373.255,266.1977579391973,155.80484614518724,343.18825999959006,271.815
2020-05-05 01:00:00+00:00,255.245,288.83973180345663,175.00942837235488,369.5209114570681,268.91
2020-05-05 02:00:00+00:00,232.7575,283.33957040763835,148.39202100379225,351.6573849115416,243.2325
2020-05-05 03:00:00+00:00,231.07,279.66838062001364,149.54541040691566,335.4078431970644,219.725
2020-05-05 04:00:00+00:00,214.0675,277.0934413836597,131.31016070887824,316.3411923151672,214.99
2020-05-05 05:00:00+00:00,220.655,264.12892765546917,142.1087033084986,296.0173288627218,210.0525
2020-05-05 06:00:00+00:00,197.6575,200.67772844536427,137.49254836232808,249.70875576499782,208.265
2020-05-05 07:00:00+00:00,189.48,206.74463133616402,127.88715879929771,269.2962540395689,209.00000000000003
2020-05-05 08:00:00+00:00,182.2425,193.72181639224013,145.0527910987264,267.00964082492203,214.91
2020-05-05 09:00:00+00:00,209.87,213.6700843526271,138.19711085655166,249.44853124890565,199.0
2020-05-05 10:00:00+00:00,242.555,220.26947500541985,149.3426441279173,253.5187919581954,197.8475
2020-05-05 11:00:00+00:00,235.7325,226.81968522331903,150.54016668815257,293.39931417997167,190.725
2020-05-05 12:00:00+00:00,213.1025,219.14628379786208,153.01747980490882,284.6437578404532,180.9675
2020-05-05 13:00:00+00:00,179.5775,201.57950441861308,137.34343303910794,242.49929793185024,170.67
2020-05-05 14:00:00+00:00,171.17,181.48106451114955,114.42141502109966,204.48495977591682,165.57
2020-05-05 15:00:00+00:00,158.2925,172.49264384158195,91.55571273248607,191.52766176734355,156.57
2020-05-05 16:00:00+00:00,176.555,126.71635418112996,94.12027963915385,173.7796521893734,158.08499999999995
2020-05-05 17:00:00+00:00,171.75,106.8115340795714,88.95005196033155,202.791967638809,170.2225
2020-05-05 18:00:00+00:00,175.71000000000004,116.18714356498829,86.10700552014912,192.52539863649469,190.4825
2020-05-05 19:00:00+00:00,191.0125,122.249104830421,90.17663520476823,217.5816673565921,204.015
2020-05-05 20:00:00+00:00,234.6525,127.65784401135583,89.06121134333925,203.69371522636158,216.8425
2020-05-05 21:00:00+00:00,266.4875,175.57858660844974,101.81581485815023,215.022567317607,214.5325
2020-05-05 22:00:00+00:00,257.37,186.3679374231432,99.9645129468521,204.00095721228058,202.555
2020-05-05 23:00:00+00:00,249.86,183.1730449423221,90.24352798082776,212.91703516089646,187.87
2020-05-06 00:00:00+00:00,234.465,211.104909868971,91.36639399528885,254.85825032103835,175.36
2020-05-06 01:00:00+00:00,203.51,203.25427531029632,89.20063998284151,252.36585149000848,166.18
2020-05-06 02:00:00+00:00,183.335,193.44936996827823,66.57042635748472,246.01067559174942,185.235
2020-05-06 03:00:00+00:00,184.0475,171.0502759747949,61.18527838170853,204.4771703127237,171.88
2020-05-06 04:00:00+00:00,190.3425,168.85492832715747,61.323494144538,227.43900808929885,154.57500000000005
2020-05-06 05:00:00+00:00,162.82,149.55653074364503,63.26736189788991,204.09471683510728,121.15
2020-05-06 06:00:00+00:00,90.6625,118.53870369180157,63.135726379766645,152.5317088625428,81.6975
2020-05-06 07:00:00+00:00,37.96,75.3419995688389,39.564279089554326,118.43335459871321,52.7675
2020-05-06 08:00:00+00:00,35.055,27.55970438517947,20.11082261676211,80.95907764171187,38.735
2020-05-06 09:00:00+00:00,32.3525,26.81488798654568,11.992616348797009,74.09751667185739,25.515
2020-05-06 10:00:00+00:00,29.347500000000004,15.731863770588676,16.459998205761593,70.0282936605211,20.985
2020-05-06 11:00:00+00:00,20.180000000000003,19.497587586834193,17.916649920674935,68.20093702100819,17.5575
2020-05-06 12:00:00+00:00,17.814999999999994,16.395228045527713,15.45829800537434,76.17338031747462,15.48
2020-05-06 13:00:00+00:00,23.3925,54.5780806825851,20.332213009907363,92.74222130857521,15.065
2020-05-06 14:00:00+00:00,21.1525,59.94644690525406,19.05870853050236,114.40464212591608,22.6325
2020-05-06 15:00:00+00:00,25.28,65.16255185478818,20.207770404494426,114.3244004307225,24.49
2020-05-06 16:00:00+00:00,26.69,53.69398351323789,17.549773381560836,93.05612877799612,29.265
2020-05-06 17:00:00+00:00,44.9225,54.21888367605999,17.46214875250116,69.8108075394211,37.8725
2020-05-06 18:00:00+00:00,54.36,48.90579327124319,20.873189356812166,121.8544540111126,54.545
2020-05-06 19:00:00+00:00,71.0275,48.23143765638557,13.671486067402785,102.39005365008205,76.82750000000001
2020-05-06 20:00:00+00:00,91.195,66.48416976368102,11.441649011119692,108.24688823670608,93.325
2020-05-06 21:00:00+00:00,110.325,56.335860929157256,12.489747975515243,92.51618495751836,97.3
2020-05-06 22:00:00+00:00,115.8225,45.0149340669544,11.47050430984518,66.97625791797215,91.35
2020-05-06 23:00:00+00:00,106.705,43.66950230791828,9.82821767149501,71.22736357688996,81.4225
2020-05-07 00:00:00+00:00,93.72,40.64632618073721,9.064523440879093,59.38572600100108,70.3
2020-05-07 01:00:00+00:00,88.525,36.30778922757413,8.761821636495695,56.64255920664183,58.7625
2020-05-07 02:00:00+00:00,89.1725,26.835601307544174,8.685919732015671,51.933552949107415,70.665
2020-05-07 03:00:00+00:00,61.26750000000001,27.551096250870792,7.769619783385596,49.57057850259451,56.42
2020-05-07 04:00:00+00:00,51.9075,23.173275471483013,7.063490233144335,55.28257977019728,42.94499999999999
2020-05-07 05:00:00+00:00,39.565,21.06640110267532,7.780188823476503,46.03412041743572,32.25
2020-05-07 06:00:00+00:00,27.345,18.479796866325678,8.545906723883517,42.33562750075797,23.61
2020-05-07 07:00:00+00:00,11.1275,18.80530722499261,7.995256143589599,39.192654488495975,16.244999999999994
2020-05-07 08:00:00+00:00,5.855,26.374634987646125,7.9305237206319665,56.9770127000126,11.155
2020-05-07 09:00:00+00:00,4.6175,34.97130879553849,7.707613780305325,58.051085226114104,4.69
2020-05-07 10:00:00+00:00,4.51,29.05634554708965,6.798061401511282,56.28709645056527,4.34
2020-05-07 11:00:00+00:00,4.2725,22.828604267127343,5.793040683724272,45.46571166830271,4.295
2020-05-07 12:00:00+00:00,4.53,19.46616102317307,6.31762272658085,35.072205571802414,4.395
2020-05-07 13:00:00+00:00,4.88,2.3752871647029155,4.5409755371435425,31.27102030477393,4.6075
2020-05-07 14:00:00+00:00,5.57,7.1850315346750495,5.263311393382527,26.269162143529968,4.895
2020-05-07 15:00:00+00:00,5.744999999999999,6.389711111676607,6.827262609007933,20.151537344704973,5.359999999999999
2020-05-07 16:00:00+00:00,5.455,8.850505677160344,5.492130709611171,20.849890368008467,6.225
2020-05-07 17:00:00+00:00,8.245000000000001,12.00295178728149,5.743286432554929,24.192505762465657,7.9025
2020-05-07 18:00:00+00:00,16.665,13.668569070493419,5.39940780031312,26.83653019168656,10.8475
2020-05-07 19:00:00+00:00,25.0225,11.212225459976738,5.686912291793535,26.18082524299389,15.75
2020-05-07 20:00:00+00:00,28.5575,10.180821674804804,5.671176329376336,18.10194094062381,21.34
2020-05-07 21:00:00+00:00,31.23,13.161597230103991,6.461708011676833,12.780132274123382,24.555
2020-05-07 22:00:00+00:00,29.2825,13.420229061471955,5.27019171345463,14.123997413865881,25.1925
2020-05-07 23:00:00+00:00,23.4025,14.114169104371054,5.2403786397194585,23.47977382368575,24.26
2020-05-08 00:00:00+00:00,17.3975,15.199328918337145,4.808900224551056,21.238104565669985,22.275
2020-05-08 01:00:00+00:00,16.6425,14.675231049730627,3.1997342824062747,22.268059864845565,20.19
2020-05-08 02:00:00+00:00,13.045,9.116666172675103,3.3541685490540103,20.704662495593134,18.3375
2020-05-08 03:00:00+00:00,10.7,9.346580445954693,3.303118071349304,19.513243074675533,16.81
2020-05-08 04:00:00+00:00,9.08,4.798025575367852,2.9637466895855535,11.042307856123466,16.04
2020-05-08 05:00:00+00:00,9.075,5.344063057683412,3.5342706532984205,10.639294106004117,15.2675
2020-05-08 06:00:00+00:00,8.7925,16.733823784179712,4.747911384483504,13.72167519565652,13.1075
2020-05-08 07:00:00+00:00,6.0925,16.099227581440164,6.5077503514672586,49.41242159049822,10.2975
2020-05-08 08:00:00+00:00,6.625,30.53037792472044,4.644233101657676,111.77206902893305,9.045
2020-05-08 09:00:00+00:00,13.5325,54.52548809858136,9.607365008643043,138.90387871023597,9.375
2020-05-08 10:00:00+00:00,11.4125,54.832885763460816,8.529919424816724,126.94734896699188,9.255
2020-05-08 11:00:00+00:00,15.437500000000002,44.09114104438707,8.98971198388703,112.32920682609287,8.39
2020-05-08 12:00:00+00:00,8.622499999999999,24.30511718664096,9.847168497346738,81.0369602811563,7.7025000000000015
2020-05-08 13:00:00+00:00,10.41,33.895265242341374,10.67539224642766,96.79684502352964,7.71
2020-05-08 14:00:00+00:00,16.0375,57.860741531329616,11.506038426098295,109.66277999250977,8.565
2020-05-08 15:00:00+00:00,24.7425,59.16360605146365,19.8500022782554,121.47968481307173,10.955
2020-05-08 16:00:00+00:00,36.99,65.81409105240641,17.11054352902755,130.12416256612127,17.8675
2020-05-08 17:00:00+00:00,52.49,48.22013842935319,14.89175916885431,148.7156788042261,33.05
2020-05-08 18:00:00+00:00,70.43,61.44198786372137,15.074361040518465,154.6552074604762,56.395
2020-05-08 19:00:00+00:00,95.3925,57.19019752221393,9.398108016934417,135.44956791576942,79.9225
2020-05-08 20:00:00+00:00,139.47,40.52156824858999,9.688041236422439,126.3117090841445,93.48
2020-05-08 21:00:00+00:00,172.9425,35.638799737698186,11.87915346087198,93.75108372125851,93.735
2020-05-08 22:00:00+00:00,158.08249999999995,56.47426133484993,18.96352936463332,118.74801235284927,114.91
2020-05-08 23:00:00+00:00,156.79250000000005,46.16422990110519,17.422427423377357,108.62787324043049,105.47
2020-05-09 00:00:00+00:00,164.8775,48.45188812055967,10.106905410190473,77.77561982872366,91.1125
2020-05-09 01:00:00+00:00,153.675,45.74913758197526,9.52381596503106,75.31942259867104,75.5275
2020-05-09 02:00:00+00:00,127.165,36.16467829651751,9.89079655107616,73.26636985151742,63.515
2020-05-09 03:00:00+00:00,101.125,27.53731183807849,9.634243201690412,61.813569080698755,55.1775
2020-05-09 04:00:00+00:00,104.805,21.98885175071924,9.647140787701384,57.03506524667864,46.5525
2020-05-09 05:00:00+00:00,87.55,14.732093388226886,8.249998457363656,53.99079959425618,36.0
2020-05-09 06:00:00+00:00,48.50750000000001,14.650155759469259,7.472947721917097,50.49046058311146,24.55
2020-05-09 07:00:00+00:00,22.6475,14.812215012052071,9.13620064375066,68.23226557387585,15.220000000000002
2020-05-09 08:00:00+00:00,15.825,41.61339960146217,15.366561234870202,87.64147850471218,10.8775
2020-05-09 09:00:00+00:00,11.43,47.27162977310295,18.921061491619906,85.42235937505069,10.7525
2020-05-09 10:00:00+00:00,11.59,51.580913101422325,18.27324755430845,94.11301083801493,12.045000000000002
2020-05-09 11:00:00+00:00,13.215,39.76594297101249,14.79034298509467,85.99740977097264,13.3775
2020-05-09 12:00:00+00:00,15.415,39.556008459962285,13.538465972779482,90.57307500164049,13.8625
2020-05-09 13:00:00+00:00,14.185,31.653320009679604,15.096858874212892,77.62430814092197,13.5925
2020-05-09 14:00:00+00:00,21.005000000000006,32.629772351946016,19.621611869226165,74.13488603264078,14.12
2020-05-09 15:00:00+00:00,21.0175,34.97415160323018,19.993710001618645,72.1220595214342,16.1
2020-05-09 16:00:00+00:00,27.3725,26.53138970358868,16.677595895869125,86.00080889005933,20.1425
2020-05-09 17:00:00+00:00,22.52,20.332927114995424,16.675365915166935,88.07535138759874,27.515
2020-05-09 18:00:00+00:00,31.71,24.57013426420872,17.28268698527166,82.04057008872405,37.985
2020-05-09 19:00:00+00:00,34.515,23.37942941087193,16.466190098860395,75.03817817539019,49.11500000000001
2020-05-09 20:00:00+00:00,39.7025,47.83036991198975,14.563480325902429,70.3522515630579,57.865
2020-05-09 21:00:00+00:00,58.1575,55.592831223323145,19.060947139278145,81.86322182286571,60.585
2020-05-09 22:00:00+00:00,60.965,66.27630263108409,7.495762634137543,118.53424639295908,65.69500000000001
2020-05-09 23:00:00+00:00,61.3925,99.42541071116692,14.230415774696207,113.31124737510928,61.37000000000001
2020-05-10 00:00:00+00:00,42.6725,99.6580783543403,17.290103068637208,123.71189973209923,53.595
2020-05-10 01:00:00+00:00,42.15,95.0804321898428,15.858720330772508,113.10278433217415,45.41
2020-05-10 02:00:00+00:00,27.525,77.39017119013306,12.885813460645174,104.26014411639757,39.69
2020-05-10 03:00:00+00:00,21.445,85.46923393371894,16.81952603783232,105.76784896643879,36.0675
2020-05-10 04:00:00+00:00,11.595,74.1855908449011,17.96022777738206,95.6114574211874,32.580000000000005
2020-05-10 05:00:00+00:00,9.705,87.67377363521557,15.248527095892973,126.74722106571774,26.38000000000001
2020-05-10 06:00:00+00:00,5.87,91.0579120027891,22.43238000460677,134.18798183980357,18.0725
2020-05-10 07:00:00+00:00,4.065,85.54816062840719,17.53871670834377,132.92695099818218,12.48
2020-05-10 08:00:00+00:00,3.99,51.526560927498856,23.26652472408701,87.11618561581757,10.88
2020-05-10 09:00:00+00:00,6.0475,34.8481708752349,21.674133164125532,88.15489970656876,11.405
2020-05-10 10:00:00+00:00,9.27,31.45662918977029,15.760673783339007,97.72393281779031,14.365
2020-05-10 11:00:00+00:00,26.9675,59.230052155466154,25.05720188235319,123.20735634274195,20.98
2020-05-10 12:00:00+00:00,23.8875,74.88477472333084,30.065567720549367,110.40404206865392,31.725
2020-05-10 13:00:00+00:00,27.3575,60.26573912601245,49.94389864869131,94.9113156162905,48.775
2020-05-10 14:00:00+00:00,30.4125,114.5802124282711,78.50145066473722,158.76685765370308,76.16749999999998
2020-05-10 15:00:00+00:00,59.3425,163.56481616696718,114.68923268350409,195.99077824676309,115.5725
2020-05-10 16:00:00+00:00,129.0425,220.67771258786698,140.62215359719625,254.04279294716247,168.54
2020-05-10 17:00:00+00:00,182.1975,349.78937647420304,265.0424728641235,446.39235557655627,235.2475
2020-05-10 18:00:00+00:00,284.9725,376.5224879391449,343.8039191779216,495.7566184181719,309.07000000000005
2020-05-10 19:00:00+00:00,454.735,473.5366618658855,356.4618503778068,553.2540753571535,381.345
2020-05-10 20:00:00+00:00,485.6075,544.9755319093425,400.2398275585618,596.0439591149013,436.2725
2020-05-10 21:00:00+00:00,528.4375,546.374875206231,482.09612201652084,624.5327675791193,465.835
2020-05-10 22:00:00+00:00,540.905,622.4177218021588,517.1021666311084,638.3757297471637,474.76
2020-05-10 23:00:00+00:00,547.8925,603.1535822270009,514.2551480946854,634.1790221996033,487.06000000000006
2020-05-11 00:00:00+00:00,576.54,595.7680043963553,516.468232838087,630.8683455343212,494.025
2020-05-11 01:00:00+00:00,566.9050000000002,560.1990110099354,504.069421537575,627.9954259963121,500.1275
2020-05-11 02:00:00+00:00,589.77,566.7166317425514,513.268487513491,624.7430795691506,507.14
2020-05-11 03:00:00+00:00,612.97,583.0265715586434,549.5088999879464,645.2450617381434,518.2
2020-05-11 04:00:00+00:00,644.8199999999998,579.3048204048373,558.253236431575,648.7208525560579,532.0999999999998
2020-05-11 05:00:00+00:00,660.5625,584.0450025984692,521.3257422820062,649.4143303976053,545.06
2020-05-11 06:00:00+00:00,672.8325,605.9538949779318,515.948474513189,648.9327893993335,555.4
2020-05-11 07:00:00+00:00,670.4425,585.7277958928362,512.8328344638919,651.1657318439421,562.395
2020-05-11 08:00:00+00:00,661.095,588.1927161846805,524.1971152350986,646.6118430042612,567.46
2020-05-11 09:00:00+00:00,673.4975000000002,597.2615294803335,527.6178839615831,653.5997747489922,568.7075000000002
2020-05-11 10:00:00+00:00,646.2775,599.1372567205643,530.2333173684704,662.9972432849164,566.4925000000002
2020-05-11 11:00:00+00:00,659.0450000000002,597.9229259384703,524.7130026745945,632.9409288561292,563.2249999999998
2020-05-11 12:00:00+00:00,648.195,584.8609299363303,513.6253855899778,615.0499385864629,556.8499999999998
2020-05-11 13:00:00+00:00,637.7025,562.6954160724573,479.99868137173866,612.4871243546116,548.435
2020-05-11 14:00:00+00:00,644.6475,574.5150305012862,468.2609797406343,608.7251072764176,542.4050000000002
2020-05-11 15:00:00+00:00,636.8499999999998,545.1468964184136,447.5244867184736,600.6513421544945,538.765
2020-05-11 16:00:00+00:00,607.1600000000002,511.4014357471477,396.33719553419337,550.9302420917235,529.47
2020-05-11 17:00:00+00:00,574.3375,480.72096750930524,358.6733639992869,508.15023282373886,508.165
2020-05-11 18:00:00+00:00,527.3075,456.2475988419,274.74113186433397,499.2329767771322,478.175
2020-05-11 19:00:00+00:00,457.595,434.4086180806577,295.59719635011436,478.5289070863524,443.43
2020-05-11 20:00:00+00:00,415.53,331.58145913054796,322.87184791907737,432.85366271953626,402.305
2020-05-11 21:00:00+00:00,355.42999999999995,323.8186411876813,285.09261633641967,407.84717329517287,350.4825
2020-05-11 22:00:00+00:00,311.705,214.15411604400603,153.5517366445469,317.3246565225048,277.98
2020-05-11 23:00:00+00:00,203.53,200.63841300134914,106.53179052090485,252.93101177846498,224.6075
2020-05-12 00:00:00+00:00,139.65999999999997,170.16086846767774,66.60824564045879,202.25008407018063,177.405
2020-05-12 01:00:00+00:00,112.97,119.57991897067171,54.8888718258949,156.0946907983444,140.4475
2020-05-12 02:00:00+00:00,92.885,86.709723958699,26.21694436862048,127.38633736420307,112.3575
2020-05-12 03:00:00+00:00,79.655,81.06080560549616,12.459327451394708,95.82246165220738,89.52499999999998
2020-05-12 04:00:00+00:00,66.6725,74.6898940328305,11.229883604682026,95.58856460521126,67.67
2020-05-12 05:00:00+00:00,53.655,42.58751243016852,11.332548944214745,71.04354200077249,46.42
2020-05-12 06:00:00+00:00,16.459999999999994,30.40052395205023,12.212019906161785,64.91568767852895,30.635000000000005
2020-05-12 07:00:00+00:00,7.6925,31.713769167477285,9.570925548674255,73.12458298187697,22.0425
2020-05-12 08:00:00+00:00,5.2925,44.393722393847845,9.287923952309708,84.59882590140583,17.560000000000002
2020-05-12 09:00:00+00:00,6.8100000000000005,38.131621762518186,7.722743588693537,107.56620609874969,15.0825
2020-05-12 10:00:00+00:00,8.5275,30.21182244073523,11.863102798210766,133.5294204559018,14.855
2020-05-12 11:00:00+00:00,11.38,36.574535202734616,17.889261134107272,139.9597042198369,16.435000000000002
2020-05-12 12:00:00+00:00,19.7725,49.00417834666112,19.793860115174862,143.81446096721191,18.5925
2020-05-12 13:00:00+00:00,17.195,46.084771017750036,20.23110756120376,144.80932642560023,20.905
2020-05-12 14:00:00+00:00,13.8225,32.138689464505056,22.066443154610823,150.27621957282432,24.605
2020-05-12 15:00:00+00:00,14.44,25.76477772421568,20.783480815578038,138.52115596817256,31.3425
2020-05-12 16:00:00+00:00,23.105,30.58728680917715,20.50104776661537,124.93370172546526,43.025
2020-05-12 17:00:00+00:00,34.0825,58.48925565221674,29.43237481169117,131.06053363659606,60.515
2020-05-12 18:00:00+00:00,47.8575,55.31606068416377,40.050579556937706,136.08114541985753,79.6325
2020-05-12 19:00:00+00:00,58.2675,66.08437577907371,28.35826260417164,107.12810928436971,94.4675
2020-05-12 20:00:00+00:00,60.7175,62.415484308811294,25.684389787921514,98.842634474005,102.5525
2020-05-12 21:00:00+00:00,47.55750000000001,78.87769330853754,25.96162772045129,135.61601969510042,103.5075
2020-05-12 22:00:00+00:00,40.7075,119.5793829906506,50.487723390482216,136.2826943645897,88.66749999999998
2020-05-12 23:00:00+00:00,43.1575,82.99683430403685,32.63977118622704,107.95526458695237,90.2925
2020-05-13 00:00:00+00:00,33.9125,81.3479842210655,27.58942852643353,130.09608590387404,87.55499999999998
2020-05-13 01:00:00+00:00,24.54,64.00941055059327,22.39482710407981,119.65706093584672,83.7025
2020-05-13 02:00:00+00:00,18.595,68.48799042694355,16.783945268160913,128.76242763323782,80.0025
2020-05-13 03:00:00+00:00,16.29,75.94066754683365,17.411819239292928,118.9949317148436,76.78999999999998
2020-05-13 04:00:00+00:00,16.294999999999998,76.81467365664135,17.950037869949142,124.67382389440344,72.235
2020-05-13 05:00:00+00:00,15.855,73.74982816633948,26.759699555519642,82.1298212048237,63.06
2020-05-13 06:00:00+00:00,18.6325,60.42428010675572,26.27350820640758,104.03593292387757,52.545
2020-05-13 07:00:00+00:00,9.7225,61.381367562928155,26.675105499067094,134.55689727010753,50.285
2020-05-13 08:00:00+00:00,23.7375,66.25448303818787,29.54126704337591,125.33633052413737,57.7575
2020-05-13 09:00:00+00:00,39.5325,109.64105824549351,55.01997980282954,128.15067639684938,65.0625
2020-05-13 10:00:00+00:00,63.7175,115.74357711324558,60.813494288757475,149.04152485376136,66.7775
2020-05-13 11:00:00+00:00,78.1325,133.36022611149787,80.78377806676708,149.04223386911158,68.07000000000001
2020-05-13 12:00:00+00:00,90.4175,147.19994612642935,96.09651015138134,164.25624732677375,74.78
2020-05-13 13:00:00+00:00,133.315,162.10673141592062,91.32533213706957,191.18453201022518,86.965
2020-05-13 14:00:00+00:00,239.9075,196.69763185931862,101.20293714897372,198.1916626909973,103.9475
2020-05-13 15:00:00+00:00,313.61,247.6265683805813,128.8456547220147,219.60777742610688,126.755
2020-05-13 16:00:00+00:00,275.8075,239.2332000939796,138.60173966305223,240.6426017776284,152.73000000000005
2020-05-13 17:00:00+00:00,263.4925,272.5536605169229,155.3511481978431,293.36693421879414,174.97
2020-05-13 18:00:00+00:00,288.76,307.51984537996344,159.50979535558702,316.1881918214148,190.405
2020-05-13 19:00:00+00:00,303.3675,291.1427444533088,202.5085543730284,347.6180637251739,202.9075
2020-05-13 20:00:00+00:00,278.3225,310.6627498888826,237.6797996603528,381.5922315868489,213.72
2020-05-13 21:00:00+00:00,248.3675,321.65856471130843,294.45847293551367,407.7953206331471,216.995
2020-05-13 22:00:00+00:00,257.545,350.9867678983039,229.64151926748588,409.52171112620283,299.075
2020-05-13 23:00:00+00:00,260.03000000000003,290.82481688997683,183.1660462454081,349.0831512249815,293.1275
2020-05-14 00:00:00+00:00,288.9925,273.8109792923875,179.8443952879507,341.3182443086571,281.8225
2020-05-14 01:00:00+00:00,266.81,253.7141660523935,179.00703933307926,330.445670791038,266.735
2020-05-14 02:00:00+00:00,249.2175,283.21882600982286,177.01747828069676,333.7472158239968,251.695
2020-05-14 03:00:00+00:00,248.7825,293.19607972763566,159.92178731032723,355.14390022363864,235.905
2020-05-14 04:00:00+00:00,229.0225,278.5945721084813,156.10300320120618,334.07367667265805,220.16
2020-05-14 05:00:00+00:00,205.87,272.44326470288763,154.29597656205897,334.2685782652246,210.805
2020-05-14 06:00:00+00:00,204.41,265.90451552134317,157.43380289478972,324.818737613616,218.205
2020-05-14 07:00:00+00:00,265.4475,251.618546967877,173.57523825548438,317.1520131838064,242.81250000000003
2020-05-14 08:00:00+00:00,304.5625,272.4379806273077,180.8747386386049,309.7799529320286,263.505
2020-05-14 09:00:00+00:00,313.5,278.41851300664086,159.54480262056234,296.4482908327983,262.76750000000004
2020-05-14 10:00:00+00:00,320.165,262.2915717903212,156.88181722928223,289.36030152913577,247.2
2020-05-14 11:00:00+00:00,282.855,247.72163764472683,146.36535080669054,263.7389987075716,231.84
2020-05-14 12:00:00+00:00,276.355,235.79500332964008,135.38339981417766,235.53678383727245,224.3075
2020-05-14 13:00:00+00:00,276.4325,235.4982827875694,132.3883129638766,233.02772313043457,224.24
2020-05-14 14:00:00+00:00,270.21250000000003,237.31284150933067,130.30412179330688,259.87544319368715,227.8
2020-05-14 15:00:00+00:00,269.1,228.84408166084492,133.18326850845068,279.14793633850013,232.41
2020-05-14 16:00:00+00:00,260.505,216.01890893113887,140.95192432101769,264.4445145306444,236.7075
2020-05-14 17:00:00+00:00,248.285,182.86321301216321,129.98437234565728,250.1060194188158,240.235
2020-05-14 18:00:00+00:00,244.26,180.1549264541881,123.30512255450465,270.29374129657907,248.385
2020-05-14 19:00:00+00:00,268.40000000000003,201.4073940802816,134.15240037087565,260.51717072703394,268.92
2020-05-14 20:00:00+00:00,333.415,277.164334125071,164.392143106319,307.92117857709127,296.495
2020-05-14 21:00:00+00:00,352.25500000000005,306.51137224760134,199.3816472111364,383.2965428929048,317.0575
2020-05-14 22:00:00+00:00,337.7625,254.4092036421489,146.44128249524582,309.3845975689525,308.845
2020-05-14 23:00:00+00:00,304.4525,233.12232352425232,126.08391777940932,305.8495716496283,294.7725000000001
2020-05-15 00:00:00+00:00,271.6875,189.87854253277882,122.98324786626672,277.5974849268522,277.3275
2020-05-15 01:00:00+00:00,236.96,152.0683358503243,109.28393241828987,222.24066371440426,259.99
2020-05-15 02:00:00+00:00,220.4125,146.8707292664185,97.58928685037864,175.4192178903999,242.24
2020-05-15 03:00:00+00:00,196.6525,146.3343281099221,82.29598874651012,162.0043884543041,221.12
2020-05-15 04:00:00+00:00,171.93,120.9466692339288,77.62244629631721,147.66482405872,193.11
2020-05-15 05:00:00+00:00,129.5525,116.94555523420178,86.03879566089691,154.52628060505424,161.38
2020-05-15 06:00:00+00:00,71.3125,99.8054690077628,67.78053700292786,161.01972001385167,139.0875
2020-05-15 07:00:00+00:00,67.69500000000001,106.9246309680434,67.50214033324653,181.31035762268792,134.875
2020-05-15 08:00:00+00:00,123.525,136.0825547568592,76.01175075646442,197.78859126254486,140.375
2020-05-15 09:00:00+00:00,148.9025,166.03747744403387,113.91219814231712,230.93816330010708,141.73
2020-05-15 10:00:00+00:00,120.4675,164.20023061256006,114.48264607002676,210.69346617476967,135.565
2020-05-15 11:00:00+00:00,122.2775,133.97135812401308,83.73149910235797,180.02841054106258,128.065
2020-05-15 12:00:00+00:00,112.735,135.57047810006748,74.27700684573172,138.20577302992268,122.77
2020-05-15 13:00:00+00:00,108.7775,138.96343988101782,86.67031803529743,135.91056282584762,119.005
2020-05-15 14:00:00+00:00,115.18,150.39554582943995,85.24748040219826,146.88653388355485,116.17499999999998
2020-05-15 15:00:00+00:00,115.0475,117.9406366692527,77.04829653457641,134.51422855782832,113.4975
2020-05-15 16:00:00+00:00,104.2425,101.20816463363946,80.46777746498661,136.3074994121919,110.595
2020-05-15 17:00:00+00:00,88.33250000000002,88.228527067035,56.41387120269968,192.70765617964557,108.815
2020-05-15 18:00:00+00:00,88.7425,68.80660593820785,45.07220566231752,177.4534733711848,109.3425
2020-05-15 19:00:00+00:00,119.79,57.01415937286668,24.42838729653597,123.84399469034008,113.03
2020-05-15 20:00:00+00:00,158.395,79.09648592310536,14.955391296453051,108.62418082296894,117.67
2020-05-15 21:00:00+00:00,155.4075,100.44070015316156,16.98947004347108,132.4520049848413,117.84
2020-05-15 22:00:00+00:00,126.23749999999998,91.89533998851446,19.44872525643968,112.06633386012268,102.4525
2020-05-15 23:00:00+00:00,101.81,66.1391807416946,11.199577298588405,86.55249417572657,92.1725
2020-05-16 00:00:00+00:00,75.655,75.1421728018327,9.445565669716075,62.92717732349374,74.785
2020-05-16 01:00:00+00:00,48.49500000000001,47.36745331755662,7.515742703916769,59.24335824486866,55.265
2020-05-16 02:00:00+00:00,33.2725,25.790789437611586,7.8618385606391,37.509834478559775,38.815
2020-05-16 03:00:00+00:00,31.025,23.99536987864709,7.239813069397288,40.878417264868105,25.975
2020-05-16 04:00:00+00:00,20.675,23.082569021005806,6.749320730394112,30.89918973994113,16.64
2020-05-16 05:00:00+00:00,9.3125,27.926719233339227,8.249693253676693,31.521666519948678,10.8225
2020-05-16 06:00:00+00:00,9.02,29.997520457501977,8.871219267600539,33.309636283495266,7.725
2020-05-16 07:00:00+00:00,7.37,20.288771277203306,6.405805722479018,34.239608394216255,6.6425
2020-05-16 08:00:00+00:00,7.9674999999999985,16.97909886454826,5.354916581020939,33.592090263943426,7.14
2020-05-16 09:00:00+00:00,9.8525,28.84635337198545,6.731550091293457,45.83826046489548,8.5475
2020-05-16 10:00:00+00:00,9.7825,25.7535977994688,5.108267900968368,97.42427544870144,10.955
2020-05-16 11:00:00+00:00,12.7125,37.44906156675341,14.112652480727787,151.52004836026146,15.21
2020-05-16 12:00:00+00:00,17.99,43.359529537555005,14.88361678724732,187.1293181086609,22.145
2020-05-16 13:00:00+00:00,34.855000000000004,74.99179032842203,25.664363504503754,177.7625679142076,31.99
2020-05-16 14:00:00+00:00,50.05,92.83009781560642,30.52126994902493,196.05823070441616,45.01000000000001
2020-05-16 15:00:00+00:00,59.49499999999999,79.13659365015924,55.71905592158434,156.29894367221226,61.26499999999999
2020-05-16 16:00:00+00:00,99.895,88.05977802319984,55.896820505363905,146.97754455403748,79.40750000000001
2020-05-16 17:00:00+00:00,142.2975,113.28351761906086,65.08721181570651,163.9311625644511,93.6
2020-05-16 18:00:00+00:00,163.8875,90.86030937177904,59.50389319504496,144.3372630413636,96.1175
2020-05-16 19:00:00+00:00,151.8275,80.07792799430987,34.1476673038509,120.5959364486896,87.8425
2020-05-16 20:00:00+00:00,133.94750000000002,71.95226773969237,26.568551666619054,109.75854110694712,74.0125
2020-05-16 21:00:00+00:00,128.5825,82.88307580484519,19.478511846536037,110.1181642512232,57.7325
2020-05-16 22:00:00+00:00,86.345,42.88764985614296,2.6481825430040846,43.45954008212594,46.0225
2020-05-16 23:00:00+00:00,51.2925,10.402346433614232,6.007328581509876,50.95227013906701,33.075
2020-05-17 00:00:00+00:00,41.9075,35.960133194405216,8.882649255988284,52.64891769060442,24.555000000000003
2020-05-17 01:00:00+00:00,51.5025,20.42641594696035,8.019029867657624,33.72375931481971,19.745
2020-05-17 02:00:00+00:00,57.4675,32.88128004686197,6.29630890169384,31.355307428687624,16.752499999999998
2020-05-17 03:00:00+00:00,51.33749999999999,27.296227391801004,4.0951836110421,32.73024792776521,14.9425
2020-05-17 04:00:00+00:00,42.68250000000001,20.03801218557487,6.564381516073952,30.905522791442237,13.85
2020-05-17 05:00:00+00:00,34.459999999999994,18.485989634805946,8.289987566647161,24.7054754067219,12.375
2020-05-17 06:00:00+00:00,22.7575,20.80240243601177,8.465584957155945,30.76108110777616,10.35
2020-05-17 07:00:00+00:00,18.7675,37.89698522397243,9.445393549395217,44.885839074589796,8.72
2020-05-17 08:00:00+00:00,15.8025,28.958574475805477,8.885496325558508,57.38950177430192,8.1175
2020-05-17 09:00:00+00:00,11.62,35.83039953608941,10.508997643116102,82.15902212668112,8.35
2020-05-17 10:00:00+00:00,10.2025,37.99597050165253,8.477892619448863,93.51705390332673,9.2475
2020-05-17 11:00:00+00:00,9.9775,39.43244006296642,9.758865386083112,111.87434364398064,10.579999999999998
2020-05-17 12:00:00+00:00,10.005,31.747361819520076,9.569928949264721,110.87244769564168,12.16
2020-05-17 13:00:00+00:00,9.505,40.10261516033745,13.46494163252044,125.76876876885687,14.075
2020-05-17 14:00:00+00:00,9.5,41.93053746919293,13.97639096596817,129.3969217770377,16.325000000000006
2020-05-17 15:00:00+00:00,10.29,49.28188262883822,18.85023641046985,141.16771954661556,18.7875
2020-05-17 16:00:00+00:00,11.5125,39.419615790355344,16.04040635313978,123.7001356470402,21.515
2020-05-17 17:00:00+00:00,15.44,24.250219600291864,17.66979533887935,103.69964343120265,24.475
2020-05-17 18:00:00+00:00,21.0975,29.39921925422749,17.27007150458017,83.44377598979301,27.485
2020-05-17 19:00:00+00:00,40.49,26.1402293581418,10.892051566222348,80.94201559010878,30.375
2020-05-17 20:00:00+00:00,51.47,15.720113570830028,10.573807309529796,50.56472876946617,32.74
2020-05-17 21:00:00+00:00,67.2325,15.307577501912252,8.379675479820568,33.750402832934824,33.455
2020-05-17 22:00:00+00:00,57.33750000000001,37.87055515527766,11.118049667553002,50.78205603174572,37.325
2020-05-17 23:00:00+00:00,52.0875,37.33575176954247,11.008145889689569,49.39860698974118,38.3925
2020-05-18 00:00:00+00:00,48.08,37.67607255452063,10.420057831101607,51.76702929968602,40.3975
2020-05-18 01:00:00+00:00,51.88,32.73704797267869,9.758307355331976,52.55459712723603,42.87000000000001
2020-05-18 02:00:00+00:00,48.5275,32.467051820462025,10.6911507370871,48.34006067697872,45.28
2020-05-18 03:00:00+00:00,52.49,34.96841241307435,13.620949016781848,52.0283623293799,47.38
2020-05-18 04:00:00+00:00,52.1625,24.79747214483329,16.30536868806246,60.12397925995715,46.83
2020-05-18 05:00:00+00:00,42.4825,59.92276392070168,28.05315552181173,75.87351048435814,40.8725
2020-05-18 06:00:00+00:00,26.1825,64.95564993770634,29.92279479511389,101.33304958495701,32.57
2020-05-18 07:00:00+00:00,17.229999999999997,41.69262340030584,26.448623370182595,83.74995156365203,28.1775
2020-05-18 08:00:00+00:00,16.595,40.47508436651884,24.785519037392348,113.20129109728651,29.4725
2020-05-18 09:00:00+00:00,24.2375,32.894210075247706,21.20874501460627,114.82422827059926,34.7275
2020-05-18 10:00:00+00:00,41.2375,27.500581433731128,23.937168612812986,95.28523550587484,42.8
2020-05-18 11:00:00+00:00,51.02,36.584304891693385,25.16324770125452,106.0179694213266,52.395
2020-05-18 12:00:00+00:00,56.71,44.57211773262432,27.86231352483755,131.79334866407248,61.3925
2020-05-18 13:00:00+00:00,61.2825,49.24497108210558,31.41951524005111,139.56181847831635,69.13000000000001
2020-05-18 14:00:00+00:00,65.865,86.05842272077477,41.241791828662734,140.13816169335553,75.9275
2020-05-18 15:00:00+00:00,65.125,93.78085128941382,40.943100926474045,139.21345644277451,81.14750000000002
2020-05-18 16:00:00+00:00,71.72749999999998,69.58217792574253,45.161290285793235,140.79623015646172,84.845
2020-05-18 17:00:00+00:00,74.7075,76.60273087136274,45.3946242209178,147.9257983238735,89.37
2020-05-18 18:00:00+00:00,76.50750000000002,77.50806620753062,50.48384530294532,133.5526816058403,97.855
2020-05-18 19:00:00+00:00,99.6475,61.90960697609054,36.58351207444565,130.51534947231616,110.16
2020-05-18 20:00:00+00:00,124.4675,28.956197255764017,18.64153718910431,115.0467299386604,119.7575
2020-05-18 21:00:00+00:00,121.53,54.56560181175278,11.387518233251765,118.87206680357352,120.2175
2020-05-18 22:00:00+00:00,127.6425,57.17197534875698,13.646402784149332,104.29400324277805,70.3
2020-05-18 23:00:00+00:00,118.4325,39.301338588984144,11.955900473392365,70.61784646956184,65.66
2020-05-19 00:00:00+00:00,99.78,31.84964762546809,12.500690908100815,61.661155244736605,62.855
2020-05-19 01:00:00+00:00,101.065,28.47462738794776,15.02606932418628,58.3539320078391,58.96250000000001
2020-05-19 02:00:00+00:00,96.48,28.857114479580183,15.290053404512891,54.24388343180277,53.4425
2020-05-19 03:00:00+00:00,56.78,29.03316291116672,13.941268826719627,53.584422378869206,46.3925
2020-05-19 04:00:00+00:00,34.9125,27.598373255777325,13.742270766870613,56.524664422452744,37.0525
2020-05-19 05:00:00+00:00,23.295,26.342125787322914,13.111914708072344,51.651664921266715,25.425
2020-05-19 06:00:00+00:00,12.6475,27.720391447570467,11.605673116855614,53.40730562979879,14.9875
2020-05-19 07:00:00+00:00,7.9575,29.250559320701594,11.4834472552108,59.463107748918745,9.43
2020-05-19 08:00:00+00:00,6.9250000000000025,13.595036349520777,10.27755987246396,66.02499621977783,8.03
2020-05-19 09:00:00+00:00,6.6925,21.590194757951828,12.22829365604185,88.04513059472856,9.2525
2020-05-19 10:00:00+00:00,14.9475,32.58478748837233,12.706443704937568,127.9982363162918,13.545
2020-05-19 11:00:00+00:00,30.4175,49.35272140618415,17.327154147181812,122.14218103666279,21.045
2020-05-19 12:00:00+00:00,31.6575,29.61709018462601,16.828385597366168,133.99742367012394,29.5375
2020-05-19 13:00:00+00:00,40.2775,25.26002535110312,21.143074308544236,123.74291022600003,36.49500000000001
2020-05-19 14:00:00+00:00,50.5825,41.66322061713738,31.349572821445587,123.30154265902416,41.6725
2020-05-19 15:00:00+00:00,56.5975,53.652439903548405,32.01496627706875,117.43944868556991,46.9425
2020-05-19 16:00:00+00:00,63.38,49.082926752840955,22.56293465098392,120.42265460997528,54.925
2020-05-19 17:00:00+00:00,79.11250000000003,44.85098226831229,35.54786988284271,115.36800748425895,64.77
2020-05-19 18:00:00+00:00,79.6075,69.56946333939419,35.6342624175706,115.50503448023285,72.32000000000002
2020-05-19 19:00:00+00:00,85.535,42.12603824986497,26.917902066362355,96.1940446567712,75.54
2020-05-19 20:00:00+00:00,117.09,42.727924036102856,18.599130403270493,76.58542603683128,73.51
2020-05-19 21:00:00+00:00,110.8875,47.53006524085863,14.728937267694118,97.65488898226305,64.685
2020-05-19 22:00:00+00:00,,77.74065080550744,14.945275747367122,101.42117259526657,65.65
2020-05-19 23:00:00+00:00,,40.40461929386817,7.688981835401423,74.44367297043338,54.975
2020-05-20 00:00:00+00:00,,32.88044763347352,4.98592706658575,48.244554216633475,45.7675
2020-05-20 01:00:00+00:00,,27.84152544702951,5.83971854234075,55.26415601282279,38.205
2020-05-20 02:00:00+00:00,,16.506960701264735,5.052104276851321,36.748177821473945,32.095
2020-05-20 03:00:00+00:00,,19.00807529146428,6.183817863864893,28.50715229745553,26.7175
2020-05-20 04:00:00+00:00,,21.331341349024576,6.44616446168511,30.71274802546877,20.585
2020-05-20 05:00:00+00:00,,25.00574656898953,6.31895159506239,37.939739055731934,14.1025
2020-05-20 06:00:00+00:00,,16.314285404585117,6.201176748471812,47.32656890004717,10.095
2020-05-20 07:00:00+00:00,,27.52595654803389,5.332491681622598,74.81897226978991,9.9975
2020-05-20 08:00:00+00:00,,56.519069474506786,10.718808136119275,118.0985487196754,13.38
2020-05-20 09:00:00+00:00,,49.76506498767206,19.61280542861768,142.75694264597,18.4475
2020-05-20 10:00:00+00:00,,65.9289473713564,19.78423278281008,146.5931090892092,23.2975
2020-05-20 11:00:00+00:00,,60.46518461970054,20.3070827147538,146.34979677300458,27.655
2020-05-20 12:00:00+00:00,,79.17464996593415,22.87790307448892,159.26629277392072,31.6225
2020-05-20 13:00:00+00:00,,86.55064847458176,27.18985955139069,175.3450532297586,35.2325
2020-05-20 14:00:00+00:00,,110.55202357770632,24.15448622502427,165.9281238001738,38.0675
2020-05-20 15:00:00+00:00,,95.64283815272648,28.61409554034524,148.99223764971995,40.315
2020-05-20 16:00:00+00:00,,72.67575164795392,35.20414514960152,133.82517796873074,42.905
2020-05-20 17:00:00+00:00,,57.21963942774848,30.46284474345788,137.4835285186868,46.535
2020-05-20 18:00:00+00:00,,47.02335640456994,28.3172237882697,124.14951370002352,53.8525
2020-05-20 19:00:00+00:00,,36.3651984950385,13.030496924628814,107.93132917659858,69.15
2020-05-20 20:00:00+00:00,,61.73958340833278,20.232736741565308,130.91165199191013,89.69250000000002
2020-05-20 21:00:00+00:00,,93.3848585415958,20.307472280275753,149.46502543727325,104.73749999999998
2020-05-20 22:00:00+00:00,135.5675,101.53818701315669,34.345579678705164,144.17914087473815,128.32999999999998
2020-05-20 23:00:00+00:00,121.2625,79.53710388719479,24.21999905341312,122.34111966256442,122.09
2020-05-21 00:00:00+00:00,121.165,72.35787511011806,14.082505092828162,107.79945192010858,108.32500000000002
2020-05-21 01:00:00+00:00,108.16,72.27135117819948,12.830671859001054,105.52138076599708,91.5025
2020-05-21 02:00:00+00:00,74.91499999999998,44.64477345868939,7.576100803556992,80.11577431681489,78.71000000000002
2020-05-21 03:00:00+00:00,38.8525,36.67038441317101,6.981178421728353,65.56186699327435,73.0
2020-05-21 04:00:00+00:00,29.905,21.735876828440386,7.287654786302942,54.12883904809914,69.8225
2020-05-21 05:00:00+00:00,28.38,17.124685416224526,6.883387706337037,50.41581400190071,60.835
2020-05-21 06:00:00+00:00,14.4325,17.088726794558976,6.871336827712736,46.204832621757824,42.74
2020-05-21 07:00:00+00:00,3.405,16.668957532920533,5.856167045787398,39.68953851471306,24.765
2020-05-21 08:00:00+00:00,2.905,10.150766899468296,4.6667234616317606,26.547148435248165,14.56
2020-05-21 09:00:00+00:00,2.8550000000000004,9.998893930574813,3.6072291159025487,32.91814988828868,10.61
2020-05-21 10:00:00+00:00,3.43,13.624787101371574,2.635689461078074,42.998786021031826,10.105
2020-05-21 11:00:00+00:00,3.9425,9.954704464455704,4.292452307784512,44.95789467616855,10.9475
2020-05-21 12:00:00+00:00,4.5,18.824243644665753,6.042837302822857,49.70534896309954,12.5225
2020-05-21 13:00:00+00:00,4.6275,28.009181148758632,7.091755412875518,66.78083251419356,14.69
2020-05-21 14:00:00+00:00,6.2075,38.86583480995497,6.201275466027187,105.30731181681473,16.0425
2020-05-21 15:00:00+00:00,6.37,35.62696724482047,9.87279223506705,86.5377182357888,15.6075
2020-05-21 16:00:00+00:00,7.130000000000001,41.392604164089185,6.258127880234246,109.86536838284613,14.945
2020-05-21 17:00:00+00:00,6.8325,44.58972319973928,9.690590277648338,110.53891191551077,15.3575
2020-05-21 18:00:00+00:00,7.435,21.07817092648245,9.072410121710883,106.3858207576607,17.0425
2020-05-21 19:00:00+00:00,9.9625,22.681294941213302,8.209489800750601,69.30418963167287,20.525
2020-05-21 20:00:00+00:00,17.487499999999994,17.951457821670836,7.8271853524397725,47.91197618594568,24.965
2020-05-21 21:00:00+00:00,20.6675,13.540314998166807,11.318397122292387,54.01448607046665,30.4775
2020-05-22 22:00:00+00:00,176.58249999999995,125.52795806536983,74.81218116451788,154.29050828989944,152.9775
2020-05-22 23:00:00+00:00,177.845,124.82393164349186,83.70375604731053,145.75664339483836,142.875
2020-05-23 00:00:00+00:00,158.72,144.23094734570137,81.76570280936005,167.44606584740137,135.88
2020-05-23 01:00:00+00:00,153.3275,142.0214337508767,81.58367594469549,219.7170509140332,131.25
2020-05-23 02:00:00+00:00,170.5525,144.17313892836202,100.66171668396515,253.4240519053534,130.25
2020-05-23 03:00:00+00:00,175.4425,194.94117662595744,124.93089502580736,276.28181160501333,134.275
2020-05-23 04:00:00+00:00,162.5925,217.4363030794516,137.95203121540422,307.43173169957436,144.085
2020-05-23 05:00:00+00:00,185.0575,235.69637741123776,152.44688650149862,315.17482999972685,160.41
2020-05-23 06:00:00+00:00,183.9575,257.55403980613687,152.5598269939501,331.2147621898157,185.84
2020-05-23 07:00:00+00:00,178.7875,264.8753430458385,173.41443444466407,328.363314452732,225.1475
2020-05-23 08:00:00+00:00,162.9675,317.736872819812,168.7354774493824,315.1425768372672,269.9475
2020-05-23 09:00:00+00:00,185.2125,347.781158371617,176.14008998282466,364.91356522078524,309.48
2020-05-23 10:00:00+00:00,227.925,337.2249969094598,188.78357747187042,380.3154087401911,351.575
2020-05-23 11:00:00+00:00,303.3275,374.81685280145393,256.3466167307657,483.74371002630517,401.795
2020-05-23 12:00:00+00:00,392.7925,413.99870305670464,295.40136897447906,496.190431155729,452.7025
2020-05-23 13:00:00+00:00,440.0125,435.8876271313492,318.69694498877067,510.33962839535116,494.045
2020-05-23 14:00:00+00:00,499.485,443.32388991216624,347.10941948016784,518.6312880287336,520.1475
2020-05-23 15:00:00+00:00,492.1425,439.6745624228514,364.5839731576059,518.6312880287336,528.9275
2020-05-23 16:00:00+00:00,515.8875,415.7096030766504,318.6168073398486,508.70864894397766,517.985
2020-05-23 17:00:00+00:00,557.4375,409.3389338607362,290.8059509230594,474.7769255321457,484.74
2020-05-23 18:00:00+00:00,506.245,362.88026356747537,278.61882608784765,469.1764245721438,433.145
2020-05-23 19:00:00+00:00,415.54,329.2724169551852,287.8179122350068,419.3889831408332,382.38
2020-05-23 20:00:00+00:00,369.045,332.5936306103792,283.8800619791708,393.2233364793667,349.85
2020-05-23 21:00:00+00:00,374.5325,350.63973384578065,262.4684354314745,424.0275805901923,334.355
2020-05-23 22:00:00+00:00,355.83,334.7099821057224,253.5377635812113,396.56958850849946,320.955
2020-05-23 23:00:00+00:00,336.755,348.17293969996695,246.2526780556976,377.9941628655587,312.745
2020-05-24 00:00:00+00:00,332.7325,331.9384489907605,246.9161848104608,368.71098121204284,295.7825
2020-05-24 01:00:00+00:00,297.895,284.44829872056147,213.586350927823,336.8802015304533,271.6025
2020-05-24 02:00:00+00:00,264.0075,217.0848486745162,168.07998570693684,309.019576497206,245.15
2020-05-24 03:00:00+00:00,244.2475,207.83019607661842,147.1729729057557,289.43176807141595,220.9775
2020-05-24 04:00:00+00:00,203.0825,194.78259861389137,157.93249085196203,270.430532870614,202.46250000000003
2020-05-24 05:00:00+00:00,163.82,206.50773709186646,160.27799212124202,276.0027957947459,195.01
2020-05-24 06:00:00+00:00,155.685,186.8433773640311,145.43930365988632,289.9827851455457,202.06
2020-05-24 07:00:00+00:00,161.9775,174.4100455854723,131.220769893767,274.8495217319989,217.97000000000003
2020-05-24 08:00:00+00:00,157.0475,160.64832098148898,135.3148408651906,250.67183826604332,240.6775
2020-05-24 09:00:00+00:00,157.425,162.6925385169323,120.89285659903992,233.8570270573428,266.07
2020-05-24 10:00:00+00:00,178.03750000000005,159.38547530297976,113.40076986962706,238.3812281649423,283.87
2020-05-24 11:00:00+00:00,232.8375,177.41936344312802,119.02725106786151,240.8598288146041,287.99
2020-05-24 12:00:00+00:00,260.86,188.06501592405758,118.96940383892466,259.99327487173304,277.8
2020-05-24 13:00:00+00:00,247.84750000000003,185.90517063580586,110.50087559267756,255.12847775221886,253.9225
2020-05-24 14:00:00+00:00,187.9975,163.58809930861167,115.18884670917393,229.65909951420846,220.5575
2020-05-24 15:00:00+00:00,144.405,155.6474514079689,113.3818508127648,220.6194712844846,183.015
2020-05-24 16:00:00+00:00,112.1375,126.23494207275446,106.70088180190812,191.6759671616576,143.365
2020-05-24 17:00:00+00:00,89.0575,117.01816682645945,86.50764712246445,172.92038810942555,108.5125
2020-05-24 18:00:00+00:00,63.02,99.34176730045245,65.9763229645836,152.90655356392932,86.6325
2020-05-24 19:00:00+00:00,51.2875,57.48242932290242,37.460588660234976,132.98296628131408,79.66
2020-05-24 20:00:00+00:00,52.575,65.41545545287586,25.790937516437346,110.63214680876474,81.945
2020-05-24 21:00:00+00:00,57.02,63.62114488580265,25.576594255225054,120.94138634636623,84.78
2020-05-24 22:00:00+00:00,51.46249999999999,52.99178093859177,19.495451367424817,72.38493718267402,65.375
2020-05-24 23:00:00+00:00,52.9275,49.16919108065052,14.963309462712884,47.76861465792673,57.165000000000006
2020-05-25 00:00:00+00:00,56.2325,46.24862727836739,13.768739895547874,47.04620808765994,49.105
2020-05-25 01:00:00+00:00,47.81,48.46957028560431,12.734378445181346,43.83247613760929,43.215
2020-05-25 02:00:00+00:00,36.7725,51.6282038868501,11.491721690584669,48.322868371117075,38.44
2020-05-25 03:00:00+00:00,25.47,33.28100892502591,9.789456263038646,40.640793151989186,33.48
2020-05-25 04:00:00+00:00,17.6725,20.90963979790587,12.074140416091506,50.47143612860658,27.905
2020-05-25 05:00:00+00:00,17.2375,20.489179443702,16.381208947087842,68.82375369844172,22.937500000000004
2020-05-25 06:00:00+00:00,12.095,29.141279644306685,19.041570895207567,54.982267170364686,21.8225
2020-05-25 07:00:00+00:00,12.78,19.34103488144124,20.605827513840584,36.02493212307204,27.9825
2020-05-25 08:00:00+00:00,21.7675,11.397589681631016,19.738726819244267,67.99457010931307,40.9675
2020-05-25 09:00:00+00:00,32.6,38.342024372912995,20.54083166555937,94.17303068145357,54.3075
2020-05-25 10:00:00+00:00,32.255,35.172637378782376,28.260633271664723,84.57706119619266,63.790000000000006
2020-05-25 11:00:00+00:00,32.525,48.28001482207127,29.913786420703424,88.29063114654345,70.9575
2020-05-25 12:00:00+00:00,35.89,52.9153874488965,38.75240320694912,104.39819397022232,78.195
2020-05-25 13:00:00+00:00,40.4275,56.173916014633434,40.5866852257229,113.1808254796782,85.6375
2020-05-25 14:00:00+00:00,43.13,60.481365026815865,40.36634827475967,126.4758004045257,91.0125
2020-05-25 15:00:00+00:00,58.82,62.39251768667673,39.83656032167715,123.55330786462685,92.7325
2020-05-25 16:00:00+00:00,65.8425,71.47532614475547,46.133018026697854,124.61363419345932,91.915
2020-05-25 17:00:00+00:00,87.0875,79.20466902482097,54.33899785622305,129.93540800364883,92.85
2020-05-25 18:00:00+00:00,97.255,78.93776452815166,54.743593885756646,134.4302555925948,99.4325
2020-05-25 19:00:00+00:00,101.125,74.66259421578076,41.81377361915764,144.35080583867742,109.37
2020-05-25 20:00:00+00:00,119.95749999999998,87.29490400755606,41.32703036446277,120.25557117915329,114.7775
2020-05-25 21:00:00+00:00,111.975,123.45822531886334,40.0692366744177,144.7163743184683,110.0475
2020-05-25 22:00:00+00:00,93.2975,111.1743691581287,33.596102252880485,124.8599753306782,95.3775
2020-05-25 23:00:00+00:00,82.05749999999998,88.10355623999389,24.692662034114214,97.03542713260755,78.2175
2020-05-26 00:00:00+00:00,58.465,56.83278833452332,11.681084732941324,93.28033927195179,60.85
2020-05-26 01:00:00+00:00,42.1225,32.29629627110985,7.024213003588152,53.75955123716527,45.8925
2020-05-26 02:00:00+00:00,17.735,28.228618531032442,6.6836930967522825,43.48075427424861,34.79
2020-05-26 03:00:00+00:00,9.562500000000002,19.665440305273968,5.421739416337654,42.4158033300801,26.815
2020-05-26 04:00:00+00:00,5.0325,16.68117481983428,5.0749907749147845,35.60967983748433,20.37
2020-05-26 05:00:00+00:00,2.7375000000000003,9.387816702493962,5.294173277986844,33.111006134560114,14.71
2020-05-26 06:00:00+00:00,2.62,14.729005459555767,5.0004358896882986,48.97629099163683,11.15
2020-05-26 07:00:00+00:00,8.4275,32.48817438526402,9.670956581829813,55.91272974885028,11.59
2020-05-26 08:00:00+00:00,34.665,41.20274596140281,18.089287671338816,89.84938571666929,16.375
2020-05-26 09:00:00+00:00,37.695,66.24100760010559,27.887071564776114,113.28843834080544,23.7
2020-05-26 10:00:00+00:00,60.4225,65.05271009654354,37.43431395861526,128.61326848693994,30.985
2020-05-26 11:00:00+00:00,83.8075,63.59405668675481,42.966115037393706,120.54951013855072,37.0675
2020-05-26 12:00:00+00:00,86.91499999999998,69.41901358713008,39.18376361701353,121.58807790818636,42.395
2020-05-26 13:00:00+00:00,93.43,79.21889235765647,40.723348474732255,122.13613852727785,47.98
2020-05-26 14:00:00+00:00,97.8875,80.49015811540609,44.03805613258285,123.20463175596264,53.675
2020-05-26 15:00:00+00:00,96.885,65.8673196576626,41.561023279505,121.40906193285394,58.81999999999999
2020-05-26 16:00:00+00:00,92.035,64.10489450974298,44.503208240901365,126.22420553088804,64.195
2020-05-26 17:00:00+00:00,98.09,45.26388340433657,40.57009483892525,125.33919898671364,70.6875
2020-05-26 18:00:00+00:00,85.6025,45.972809773553436,42.58831588565437,128.2256581868556,77.765
2020-05-26 19:00:00+00:00,96.24,44.55295972403029,17.965540838101766,123.42908679960628,83.9425
2020-05-26 20:00:00+00:00,128.64249999999998,66.48966673672433,19.997810767839,146.7406878845055,85.155
2020-05-26 21:00:00+00:00,139.1,80.06845059614483,14.688715326075965,115.34716369721042,78.38749999999997
2020-05-26 22:00:00+00:00,108.4275,42.67828612804153,9.932497013446064,77.01946282824659,63.9625
2020-05-26 23:00:00+00:00,97.715,28.91580904008169,8.676391498102765,53.85623855054962,47.3525
2020-05-27 00:00:00+00:00,52.255,20.387425444271525,10.89296000303205,55.92403391783394,34.365
2020-05-27 01:00:00+00:00,24.332500000000003,18.668801799121226,8.11802382874969,38.93040175169863,25.3175
2020-05-27 02:00:00+00:00,12.015,21.25899592496429,8.158792228166101,30.68211904940537,18.9775
2020-05-27 03:00:00+00:00,13.45,13.15731275697423,6.31029498116849,20.15720089205838,15.405
2020-05-27 04:00:00+00:00,10.805,8.558361677268604,5.7560040536389065,14.84291372921018,14.4625
2020-05-27 05:00:00+00:00,8.5875,5.066750163016379,6.210957912841548,12.093383087738905,12.8225
2020-05-27 06:00:00+00:00,4.1125,9.422708168621186,6.160019734231187,17.126645959437507,12.42
2020-05-27 07:00:00+00:00,2.5125,12.805074019186824,7.175927528079795,29.810874460817992,16.869999999999994
2020-05-27 08:00:00+00:00,3.3925,14.936436502900502,4.602120184120988,66.57099180460007,25.0025
2020-05-27 09:00:00+00:00,5.1375,38.69180866822777,9.971351206832077,119.74020815484523,34.9075
2020-05-27 10:00:00+00:00,14.1525,13.47601973133417,15.514262525205142,136.52139965897874,48.945
2020-05-27 11:00:00+00:00,20.1275,28.63923899325341,17.219462686829733,134.99925208676106,64.63499999999999
2020-05-27 12:00:00+00:00,34.455,40.09792093802814,22.63597297597077,144.04959873177066,80.6225
2020-05-27 13:00:00+00:00,55.5275,70.07510927258748,50.35958301545636,138.63925294549506,95.68
2020-05-27 14:00:00+00:00,74.9475,128.90785436833085,66.95778029273664,187.14023520542,112.245
2020-05-27 15:00:00+00:00,111.6775,113.19429658911713,81.32099515059305,181.170428477528,129.485
2020-05-27 16:00:00+00:00,140.9675,141.89610520092984,82.60047377907959,170.5343985526543,142.3175
2020-05-27 17:00:00+00:00,153.94250000000005,147.0365264052396,87.94937311797692,188.7378187933852,151.6475
2020-05-27 18:00:00+00:00,178.85,147.64680425200785,103.85614555220695,206.09220946339755,165.12
2020-05-27 19:00:00+00:00,185.4925,147.04333201288253,103.90459806393105,211.64832562326438,174.65750000000003
2020-05-27 20:00:00+00:00,174.23000000000005,148.39660427630184,89.92942364499191,208.3198335849612,169.115
2020-05-27 21:00:00+00:00,144.165,165.80515013132108,97.90426674169625,227.14935112516875,161.64249999999996
2020-05-27 22:00:00+00:00,148.51,118.58201144234032,77.05435626234025,178.5959154649617,142.81249999999997
2020-05-27 23:00:00+00:00,142.0,119.73735073786641,76.2773006093595,167.5870853034862,137.9275
2020-05-28 00:00:00+00:00,147.2875,168.6342370956879,88.99048562153523,190.1779196031844,136.72
2020-05-28 01:00:00+00:00,154.0625,141.9675411772134,82.64267684382254,181.4889603518916,131.965
2020-05-28 02:00:00+00:00,196.86,136.8975477788989,79.378350870141,188.3599010756033,129.9875
2020-05-28 03:00:00+00:00,211.645,134.41524090442408,98.6727145185283,187.14957417675686,135.615
2020-05-28 04:00:00+00:00,215.545,151.09719381949444,91.70448434033743,201.24530492310825,141.57500000000005
2020-05-28 05:00:00+00:00,209.3125,152.54598036090175,106.29097702760934,223.41442647062325,133.8825
2020-05-28 06:00:00+00:00,179.615,157.68530818198255,124.07420603723804,223.5531882752441,135.4
2020-05-28 07:00:00+00:00,155.315,193.89567583356444,128.53567801100485,267.3540888385261,151.435
2020-05-28 08:00:00+00:00,193.2275,204.0843713532836,134.19866706320357,256.5990467194493,170.68
2020-05-28 09:00:00+00:00,234.205,203.71447478882908,137.90980437869268,264.40891062160745,190.395
2020-05-28 10:00:00+00:00,252.0575,223.0991997094519,140.76984304627902,259.0782552998969,206.73
2020-05-28 11:00:00+00:00,232.0325,219.6537641485711,135.73617955674848,257.7333581257983,218.445
2020-05-28 12:00:00+00:00,229.78,224.3858924732781,127.67691430946392,254.29626746795415,217.89
2020-05-28 13:00:00+00:00,222.02,210.211963900066,129.38953345285393,253.00724434317368,206.7
2020-05-28 14:00:00+00:00,224.8075,210.50089059080085,133.239376939566,247.87542217707048,201.1225
2020-05-28 15:00:00+00:00,242.845,220.27287167063355,144.11066090707556,249.5861209203072,208.1175
2020-05-28 16:00:00+00:00,245.7925,242.06777264647224,133.12749531214158,247.13546102277698,217.54
2020-05-28 17:00:00+00:00,254.28,164.10533529497303,131.4031973220915,240.2034170824329,218.0825
2020-05-28 18:00:00+00:00,219.2075,153.0562485571082,119.44688073399408,218.1235493098977,209.28
2020-05-28 19:00:00+00:00,198.525,159.59791517606544,101.91911197071657,199.1716722259765,198.8775
2020-05-28 20:00:00+00:00,232.16000000000003,139.98422730012282,93.95801697797432,215.50872466183142,194.7475
2020-05-28 21:00:00+00:00,254.8425,147.37488406688732,89.68659574645868,198.1186825255309,198.21
2020-05-28 22:00:00+00:00,275.1375,269.97963156356207,156.9645238914189,324.9975207195487,200.6325
2020-05-28 23:00:00+00:00,288.49,230.841515909217,150.3097793935516,298.0988103230002,187.33
2020-05-29 00:00:00+00:00,291.41,202.05930104713943,114.97273125633171,215.70926965323181,173.4475
2020-05-29 01:00:00+00:00,240.44,167.56612997313152,95.14088362293795,181.1681759116918,154.5625
2020-05-29 02:00:00+00:00,230.2025,157.72961787185687,89.01494887241384,204.4810000154533,139.35000000000002
2020-05-29 03:00:00+00:00,221.1225,157.7466392083236,66.28575024706021,214.15535379346687,127.04500000000002
2020-05-29 04:00:00+00:00,197.7825,142.06857138740617,53.50689410230579,180.3503512664174,113.85
2020-05-29 05:00:00+00:00,141.015,93.98083313895071,39.95906825203832,112.62802498847586,87.82750000000001
2020-05-29 06:00:00+00:00,54.005,65.76462686496558,33.943603657381985,89.26872397922344,63.8225
2020-05-29 07:00:00+00:00,27.1575,64.94733938593849,39.34215319994302,82.43082338002024,63.5
2020-05-29 08:00:00+00:00,32.620000000000005,47.79909807510723,22.37000700190001,96.39047351292344,71.2975
2020-05-29 09:00:00+00:00,53.505,56.986573156382654,27.90956433762637,103.22026067668199,76.39500000000002
2020-05-29 10:00:00+00:00,52.4725,56.63259300409073,39.43786451505199,118.14909945123142,85.4325
2020-05-29 11:00:00+00:00,57.825,84.00934371466556,53.97258037276699,127.39183964680684,97.3975
2020-05-29 12:00:00+00:00,67.115,98.84559916188421,56.508512234333296,148.6782115739791,107.8325
2020-05-29 13:00:00+00:00,78.9725,105.68972961379208,64.98642342982608,144.37636539452615,115.6775
2020-05-29 14:00:00+00:00,85.11999999999998,128.62724979387542,86.82694220222582,146.64285833619937,122.33
2020-05-29 15:00:00+00:00,101.26,122.90899626301514,81.91273807931235,155.19212870758756,127.6525
2020-05-29 16:00:00+00:00,118.54,112.75572732913463,85.86089330525299,166.97696547813698,131.0775
2020-05-29 17:00:00+00:00,136.35500000000002,129.4987874691342,77.96760302769151,170.28772122497938,130.7575
2020-05-29 18:00:00+00:00,140.6475,132.21293981480724,91.36669264142758,179.4365362806181,130.32
2020-05-29 19:00:00+00:00,123.5275,123.4153305726054,91.22833469767382,184.015030033698,138.9825
2020-05-29 20:00:00+00:00,150.515,176.04716772686132,91.04758022609181,205.659074868646,149.945
2020-05-29 21:00:00+00:00,159.87499999999997,274.99194319205674,104.08526138908009,244.5476875774628,151.9275
2020-05-29 22:00:00+00:00,154.12,222.27247249090425,78.14231917791015,233.40685090399305,133.5275
2020-05-29 23:00:00+00:00,165.1825,190.568429827286,95.04491871956616,229.93429109975887,123.975
2020-05-30 00:00:00+00:00,175.48999999999995,199.71088180356548,87.86020252578562,222.73658260773186,113.9
2020-05-30 01:00:00+00:00,177.37000000000003,183.51985180620136,61.554236233418074,215.49144956030014,103.7125
2020-05-30 02:00:00+00:00,165.35,147.32775480544535,46.4580342381781,182.89885061206226,93.8675
2020-05-30 03:00:00+00:00,147.255,109.20006179552608,41.996137235885584,120.65466673880205,89.455
2020-05-30 04:00:00+00:00,144.9025,87.08887264264149,32.24637088524871,120.36648092291952,90.21
2020-05-30 05:00:00+00:00,128.28,90.72160345098362,34.986375424298956,141.1085570375411,76.1475
2020-05-30 06:00:00+00:00,62.34,75.7454781693001,33.65736692324123,121.47726670223784,64.2525
2020-05-30 07:00:00+00:00,46.465,56.63269851773615,30.63104162135907,104.22460278809722,75.1025
2020-05-30 08:00:00+00:00,74.95,69.16055334921174,47.38792742272025,114.3585585324254,101.48
2020-05-30 09:00:00+00:00,131.84,89.83796524442606,69.00771598981991,133.1818687184537,127.685
2020-05-30 10:00:00+00:00,133.4975,110.76833390337679,73.81833213061212,146.8962298419259,137.47000000000003
2020-05-30 11:00:00+00:00,103.1625,117.30626414823706,100.46306273901313,160.1460794653001,142.0425
2020-05-30 12:00:00+00:00,104.8325,128.04683880192485,110.45241867864412,155.8310989085773,145.4975
2020-05-30 13:00:00+00:00,112.81,155.263211263637,113.34277796799871,163.5890767080827,149.38250000000005
2020-05-30 14:00:00+00:00,104.795,209.20708917414225,106.0233249747322,175.38653362805462,158.29999999999995
2020-05-30 15:00:00+00:00,122.08,204.17632546969853,107.1972950258728,177.38152612177154,166.21
2020-05-30 16:00:00+00:00,150.7725,147.73515326881113,103.00385525482409,169.0348703760079,173.08999999999997
2020-05-30 17:00:00+00:00,179.51749999999996,120.81785140525952,83.05275355339519,159.5078027654362,176.72
2020-05-30 18:00:00+00:00,183.695,118.37361990144602,90.11711038431032,170.3520009982921,194.91
2020-05-30 19:00:00+00:00,166.93,154.6124736603856,115.06969153283178,236.69058484169915,211.0425
2020-05-30 20:00:00+00:00,221.29,230.6919332593832,133.7852745000277,246.4451664894316,211.7275
2020-05-30 21:00:00+00:00,262.635,273.04660364448694,159.6335290837056,286.4767836777569,220.245
2020-05-30 22:00:00+00:00,280.2,346.73494988047514,153.53554061679858,334.27959008768534,194.3325
2020-05-30 23:00:00+00:00,241.04,214.2048190519326,115.8239331804764,237.2412511963277,166.92
2020-05-31 00:00:00+00:00,176.73749999999995,187.5280390257566,97.42524559384235,219.537052537056,144.61
2020-05-31 01:00:00+00:00,155.10500000000005,193.0893891311813,77.90091069613297,204.61997277575168,128.91
2020-05-31 02:00:00+00:00,114.4425,194.9919008469407,61.98635132564986,232.0860202845906,117.5325
2020-05-31 03:00:00+00:00,87.0,173.56246335216989,58.301944966008215,207.63853023375745,110.345
2020-05-31 04:00:00+00:00,88.91499999999998,141.19355708627532,47.30568740790851,187.9911154143641,102.6325
2020-05-31 05:00:00+00:00,71.785,98.82330630104946,47.10177819781239,149.8956112017733,88.19
2020-05-31 06:00:00+00:00,35.11,101.10658848089241,46.379541029730476,132.0595630267859,92.2025
2020-05-31 07:00:00+00:00,36.27,82.71936686779833,51.595226288523826,155.2396131948934,127.175
2020-05-31 08:00:00+00:00,100.51,130.6003172760182,82.8050691273003,176.81879407471382,171.0475
2020-05-31 09:00:00+00:00,173.35250000000005,171.3552300512636,124.5671531817133,238.34251443956768,200.5625
2020-05-31 10:00:00+00:00,172.0425,204.7629462687819,139.64132930158462,252.19131038850085,209.515
2020-05-31 11:00:00+00:00,170.3475,206.54803971646226,143.18222766133698,251.75767385823704,208.9525
2020-05-31 12:00:00+00:00,139.075,213.04911370840665,133.90534638872998,247.34340856098808,201.875
2020-05-31 13:00:00+00:00,134.33499999999998,213.6018332292852,144.41238866308115,249.43501176061105,190.95
2020-05-31 14:00:00+00:00,134.8975,233.04343204890515,142.36837383335725,269.7826790597794,186.7725
2020-05-31 15:00:00+00:00,152.535,229.8168992062078,136.29670417420118,254.3701087572084,198.415
2020-05-31 16:00:00+00:00,182.1175,197.58819550677688,137.49281533949164,254.13213612572082,216.605
2020-05-31 17:00:00+00:00,187.935,168.37323228243662,129.56790499343873,248.6623506727652,223.7075
2020-05-31 18:00:00+00:00,197.155,133.35051847594178,118.0131214411419,206.93893279632613,219.65500000000003
2020-05-31 19:00:00+00:00,170.6825,185.3997240205369,156.8832744754083,240.3668740294546,222.145
2020-05-31 20:00:00+00:00,218.6075,275.99763136638904,172.94820683903419,336.18828928761206,220.085
2020-05-31 21:00:00+00:00,251.97,329.792969644028,185.4517598615268,376.6775202475991,207.3475
2020-05-31 22:00:00+00:00,,285.1147327528336,134.10821118255188,263.2334708543196,203.7825
2020-05-31 23:00:00+00:00,,239.2105076579492,127.99995295837437,278.15890042511114,166.8875
2020-06-01 00:00:00+00:00,,226.5470650383872,105.87958156304815,242.599497591398,139.16
2020-06-01 01:00:00+00:00,,209.65004460218185,79.65660823826157,242.61655536570998,123.7075
2020-06-01 02:00:00+00:00,,194.21933193436118,61.608356243375155,205.00072112263547,118.16
2020-06-01 03:00:00+00:00,,156.6970573042961,50.2491964657935,171.6603753817111,119.89
2020-06-01 04:00:00+00:00,,117.92558457822993,44.12706820566545,128.73739676604652,122.965
2020-06-01 05:00:00+00:00,,87.80342982632338,44.819708736744175,133.06794389037682,103.1775
2020-06-01 06:00:00+00:00,,100.24761498148052,49.54672126841477,159.16156174835916,91.7775
2020-06-01 07:00:00+00:00,,109.88492466951072,58.90675309470912,171.39082033081698,109.965
2020-06-01 08:00:00+00:00,,119.12298759366136,77.12015208079094,170.40545555310038,135.41500000000002
2020-06-01 09:00:00+00:00,,145.8875109161021,105.48615193113136,163.2604337651729,154.7425
2020-06-01 10:00:00+00:00,,155.72570541427342,111.68602202455976,162.51563014017157,162.6725
2020-06-01 11:00:00+00:00,,147.93460010202287,113.91562068818979,187.8644989045505,161.055
2020-06-01 12:00:00+00:00,,135.47501651037675,110.06583391150455,158.014891946259,151.6225
2020-06-01 13:00:00+00:00,,138.64970008327677,101.57156633707554,154.6050379624847,141.36
2020-06-01 14:00:00+00:00,,113.32046718044,89.31533523741886,150.22922157896386,134.6175
2020-06-01 15:00:00+00:00,,101.36837457505959,80.24790509500794,138.43702702242928,129.95
2020-06-01 16:00:00+00:00,,100.65511454427809,63.02753279911399,143.2811563506182,125.5225
2020-06-01 17:00:00+00:00,,141.365750971675,92.65375382806823,172.37718946515133,121.0275
2020-06-01 18:00:00+00:00,,179.56832650028178,82.96117754402668,195.08618579761398,119.2
2020-06-01 19:00:00+00:00,,160.632423179359,83.72234682498622,177.82033250521062,126.6925
2020-06-01 20:00:00+00:00,,160.05083049496625,69.42998873924178,186.52646655432858,135.5875
2020-06-01 21:00:00+00:00,,184.587451044437,56.02048972280081,181.3257078915868,130.23
2020-06-01 22:00:00+00:00,149.4125,103.01594116956656,21.575066405751123,120.00087694871758,105.8625
2020-06-01 23:00:00+00:00,113.465,73.05389789274989,11.09270707931118,109.20137002990296,86.1325
2020-06-02 00:00:00+00:00,108.9375,62.80821845863986,9.375121941604325,108.83878030865569,66.38000000000001
2020-06-02 01:00:00+00:00,79.005,70.87512020311227,8.040778956130591,104.68206883076559,50.6475
2020-06-02 02:00:00+00:00,60.77500000000001,43.74678864285015,7.232655732503575,93.70456679043718,40.775
2020-06-02 03:00:00+00:00,46.62,33.516127608855946,7.5853949821239235,68.47190699089333,30.995
2020-06-02 04:00:00+00:00,39.07,37.609917622325725,7.6590339843905175,59.13530623863782,20.880000000000006
2020-06-02 05:00:00+00:00,19.51,31.79055521368792,7.399001753635304,46.43160154507392,11.61
2020-06-02 06:00:00+00:00,4.26,31.19244334988139,7.136223985819657,43.269048484670265,4.035
2020-06-02 07:00:00+00:00,1.545,30.74591257171689,6.180140310971086,39.256625820524775,3.5225
2020-06-02 08:00:00+00:00,2.0725,25.841295063827854,4.947816048383145,27.93456426955026,7.215
2020-06-02 09:00:00+00:00,3.4275,25.97830184210679,5.360280661704824,32.047304423716945,9.6525
2020-06-02 10:00:00+00:00,4.11,25.564988357476178,4.900944899017538,31.000592306137317,9.259999999999998
2020-06-02 11:00:00+00:00,3.14,28.559731568496538,6.822536758848952,36.8101026575695,8.925
2020-06-02 12:00:00+00:00,4.03,17.81232917586277,7.1818687686374405,38.26626760117225,11.4075
2020-06-02 13:00:00+00:00,6.325,18.157793630272504,6.1164164394221325,43.968036479076616,16.3725
2020-06-02 14:00:00+00:00,11.0225,23.98938272060893,6.196444211672425,50.597087439884774,24.3675
2020-06-02 15:00:00+00:00,26.1325,12.375054267160552,6.419004007437046,50.65178441850912,39.925
2020-06-02 16:00:00+00:00,45.0925,22.453094045708824,8.420388249785638,69.24836322790998,67.88000000000001
2020-06-02 17:00:00+00:00,113.9975,41.11901640045308,4.626535186058644,130.6822047754372,96.4475
2020-06-02 18:00:00+00:00,156.7575,80.1651492510985,59.85465792707029,180.83319052605881,111.95999999999998
2020-06-02 19:00:00+00:00,132.8625,52.75027739372975,56.70254244931854,134.01294114330813,102.13
2020-06-02 20:00:00+00:00,110.94,65.98408600809194,37.585305423450535,141.75140185522594,86.9725
2020-06-02 21:00:00+00:00,82.52,52.51084281454561,35.12863188497613,134.46781176463918,71.6
2020-06-03 22:00:00+00:00,70.8925,116.23914285103037,57.3685266607175,227.92664311184424,82.33749999999998
2020-06-03 23:00:00+00:00,45.4475,133.13252903352569,45.92892432898656,217.16116699372174,72.70500000000001
2020-06-04 00:00:00+00:00,43.47,114.85569086888252,41.75353230451042,167.3490064565751,70.5925
2020-06-04 01:00:00+00:00,36.2625,93.73466061760416,43.73608492295539,148.26420717021566,72.72
2020-06-04 02:00:00+00:00,36.4225,93.49265998156505,41.85710354601589,151.79657194783138,75.905
2020-06-04 03:00:00+00:00,39.89999999999999,90.76479267003029,40.277902499995214,144.55442944320257,79.50500000000002
2020-06-04 04:00:00+00:00,45.6875,115.30643676808157,45.635263050076105,154.31419125570557,85.5
2020-06-04 05:00:00+00:00,55.9475,65.84792447711209,40.38138915059253,137.58063103471613,103.985
2020-06-04 06:00:00+00:00,63.47749999999999,90.78574478179922,54.04413314912464,166.6530768802454,125.61249999999998
2020-06-04 07:00:00+00:00,63.17,76.92730899927852,71.16264758344076,165.26376858743424,138.51749999999998
2020-06-04 08:00:00+00:00,68.91,105.54091626307829,76.37629312448166,162.53842705615438,150.3125
2020-06-04 09:00:00+00:00,76.5975,118.22051377373106,90.33640676230392,179.28614477950958,165.8775
2020-06-04 10:00:00+00:00,78.455,143.88710086078873,95.1476212726276,200.17076964532387,186.75
2020-06-04 11:00:00+00:00,81.79249999999998,158.95156176079675,102.94638926664938,204.8750280089407,208.43
2020-06-04 12:00:00+00:00,91.6875,180.21562279021137,107.67764278204369,208.09696244002217,223.34
2020-06-04 13:00:00+00:00,118.575,210.8683030058903,109.73030948096694,221.94605399852745,240.025
2020-06-04 14:00:00+00:00,151.9175,201.06555423380988,111.70852631118812,252.3220687742809,259.675
2020-06-04 15:00:00+00:00,151.59,184.12797183945816,112.58707361565122,251.75665510178814,274.92
2020-06-04 16:00:00+00:00,152.49,168.61383175732362,115.79228579049469,220.99583877890305,278.25
2020-06-04 17:00:00+00:00,169.185,151.91380362953873,105.00885828110157,190.5050309317574,269.02
2020-06-04 18:00:00+00:00,145.335,102.18446697891208,89.18156908017208,132.84506202941918,246.3275
2020-06-04 19:00:00+00:00,133.8125,87.97283746607144,61.7853636501799,131.983889630828,210.77
2020-06-04 20:00:00+00:00,123.5775,104.98557445940612,50.469039802929494,135.19429742545913,176.545
2020-06-04 21:00:00+00:00,112.695,76.19346422752159,47.47880319580877,129.61146405629415,152.61
2020-06-04 22:00:00+00:00,74.37,85.33774166379149,52.05901551591089,123.83982213797272,100.6275
2020-06-04 23:00:00+00:00,63.552499999999995,58.96799984226031,31.40424782052317,107.46738201540475,99.1475
2020-06-05 00:00:00+00:00,65.09,69.79255624184914,20.493291971161057,104.41911639223879,101.805
2020-06-05 01:00:00+00:00,88.49,73.06556841245184,27.138379184404176,122.75163618883877,108.325
2020-06-05 02:00:00+00:00,95.28,108.28273259313292,61.926962755635174,170.8497912520557,117.08
2020-06-05 03:00:00+00:00,128.8225,175.61894355015167,109.2671349745935,235.5059886872561,133.065
2020-06-05 04:00:00+00:00,169.35500000000002,206.30028268152287,117.52600896670178,284.68667377573126,158.35750000000004
2020-06-05 05:00:00+00:00,228.8025,234.2191954374427,186.12662362268242,319.8743878944765,203.4425
2020-06-05 06:00:00+00:00,279.60249999999996,301.57089612298904,238.68792878588886,369.3703178980919,257.9625
2020-06-05 07:00:00+00:00,334.115,319.4521481051651,265.0375731964174,423.0106897378927,285.56
2020-06-05 08:00:00+00:00,390.625,357.9271106836772,315.8361868554023,445.09272086189935,309.8225
2020-06-05 09:00:00+00:00,392.8975,376.9958173386216,336.64789402182066,493.69084289734633,346.13250000000005
2020-06-05 10:00:00+00:00,431.01500000000004,475.8014538135386,360.31260714772935,507.8881787624176,373.23750000000007
2020-06-05 11:00:00+00:00,503.48249999999996,505.39191227155885,358.2035830218242,563.7847106693074,396.0925
2020-06-05 12:00:00+00:00,539.27,533.9480274419258,378.2863686487629,564.7842023335473,405.495
2020-06-05 13:00:00+00:00,589.3175,510.1650837729983,383.81764286479375,565.8028774556425,393.6325
2020-06-05 14:00:00+00:00,513.4375,508.6540980676538,396.7107697668783,565.7017565305298,368.62250000000006
2020-06-05 15:00:00+00:00,414.29999999999995,459.7242796795918,365.00505186088236,560.4144737382145,324.265
2020-06-05 16:00:00+00:00,346.3575,413.6743049712945,305.82626670187835,487.3071790007118,269.45500000000004
2020-06-05 17:00:00+00:00,260.66749999999996,292.56231811969417,193.7491988616956,369.87227637794234,213.39
2020-06-05 18:00:00+00:00,268.9425,221.69648250709503,153.75261097144931,322.8413312059464,182.8275
2020-06-05 19:00:00+00:00,222.32000000000002,202.34834896840698,162.9179853598182,310.39862561051086,179.4475
2020-06-05 20:00:00+00:00,167.5325,210.23745719641465,165.16613187520392,279.8733061432614,186.3
2020-06-05 21:00:00+00:00,106.065,249.92808908482064,187.8486556496345,287.56583285479917,211.87750000000003
2020-06-05 22:00:00+00:00,,367.5474455126137,233.55488710600315,389.3159541973677,223.6175
2020-06-05 23:00:00+00:00,,347.65306430273733,268.5539189058486,412.53078933610567,246.19
2020-06-06 00:00:00+00:00,,367.851892887496,268.1353155389931,406.540762032413,264.2225
2020-06-06 01:00:00+00:00,,326.79315613068974,247.1047251516671,383.90738004206855,267.71
2020-06-06 02:00:00+00:00,,319.7961866227757,229.88317883607624,317.9384516706453,264.7375
2020-06-06 03:00:00+00:00,,258.34703878014307,195.6500002107088,289.5932277519966,256.89
2020-06-06 04:00:00+00:00,,239.77977298759188,192.27841991802484,285.6404223054728,238.0925
2020-06-06 05:00:00+00:00,,229.2081015480909,199.17636582773804,294.2684068020109,219.985
2020-06-06 06:00:00+00:00,,227.85103835326592,237.0860499886431,348.593890919253,233.7775
2020-06-06 07:00:00+00:00,,301.8794012042862,249.8372263659973,392.5628131949661,273.065
2020-06-06 08:00:00+00:00,,358.59667367328154,301.63690834859324,433.21291892866685,324.1625
2020-06-06 09:00:00+00:00,,412.59986982813865,336.04796286921555,498.7305828378832,378.52
2020-06-06 10:00:00+00:00,,431.19913597028227,340.5076095208618,508.9562719043871,428.2825
2020-06-06 11:00:00+00:00,,452.96437918257584,409.22886879403467,543.110139647397,479.8725
2020-06-06 12:00:00+00:00,,477.3528105336104,453.0038627186255,558.9605276961616,520.7725
2020-06-06 13:00:00+00:00,,511.35375924918213,487.6388367666509,571.6778550269238,537.525
2020-06-06 14:00:00+00:00,,525.7283992403544,485.24186724298426,576.7138331416452,538.285
2020-06-06 15:00:00+00:00,,538.204499315842,482.32275936517163,572.1763223507709,534.465
2020-06-06 16:00:00+00:00,,486.2598201865278,460.5511255664722,553.7388744842808,512.5125
2020-06-06 17:00:00+00:00,,452.31804561210333,418.19521540502535,520.5844441517123,466.7925
2020-06-06 18:00:00+00:00,,436.8000185321689,394.532113291364,500.803495195893,422.9525
2020-06-06 19:00:00+00:00,,420.32449593207366,391.0202628586952,506.1866568753506,398.4525
2020-06-06 20:00:00+00:00,,440.3607292533908,378.74533520650414,484.2819040408124,385.795
2020-06-06 21:00:00+00:00,,445.1895774659397,375.9332491393245,485.0424322053708,377.8850000000001
2020-06-06 22:00:00+00:00,,406.95501719014413,315.70985252464556,487.74674443537685,321.975
2020-06-06 23:00:00+00:00,,398.3120058087015,357.0849167994275,479.73888157341537,320.87249999999995
2020-06-07 00:00:00+00:00,,408.95270891993005,360.942751099609,501.1606648712949,299.90250000000003
2020-06-07 01:00:00+00:00,,380.7464875675795,340.2576771575013,479.72349375091767,272.94
2020-06-07 02:00:00+00:00,,382.4592122050101,320.56018497397497,455.5230383909503,246.1525
2020-06-07 03:00:00+00:00,,337.69768682545805,271.2725676905785,377.66489156487455,215.40249999999997
2020-06-07 04:00:00+00:00,,266.22760960723457,220.18167368106396,339.5747433868286,180.5775
2020-06-07 05:00:00+00:00,,210.9841739379439,164.8524020475731,291.036462983628,154.58499999999998
2020-06-07 06:00:00+00:00,,173.9345594236748,155.86306924251505,272.1133318518397,146.5525
2020-06-07 07:00:00+00:00,,186.90368997330793,129.95579512001,255.86290688833006,143.96499999999997
2020-06-07 08:00:00+00:00,,164.43820150474843,125.15013286347336,252.75409213784835,140.66250000000002
2020-06-07 09:00:00+00:00,,179.5324546526739,125.69655095769444,243.31298690447173,139.8125
2020-06-07 10:00:00+00:00,,123.12453333512754,112.44988265933945,235.65436111648083,135.57
2020-06-07 11:00:00+00:00,,134.83603425763704,104.88695729528591,192.70157035004365,125.3875
2020-06-07 12:00:00+00:00,,121.30954161298195,94.17250733872255,166.80734080328057,109.1275
2020-06-07 13:00:00+00:00,,76.47501733167938,60.28356075579281,144.75593712164886,86.53
2020-06-07 14:00:00+00:00,,67.34646171627169,43.765928442158476,126.73590034649604,68.58999999999999
2020-06-07 15:00:00+00:00,,41.02283222354977,31.863574800730948,84.55120377325983,57.325
2020-06-07 16:00:00+00:00,,27.557140020828843,21.995908566926165,93.13829482151829,46.2475
2020-06-07 17:00:00+00:00,,31.870437851484837,15.505287635176554,120.82040038584339,35.474999999999994
2020-06-07 18:00:00+00:00,,21.264802122521793,12.583146498259149,101.569692250158,27.355
2020-06-07 19:00:00+00:00,,37.67750369197196,9.249469604670773,60.27017755015896,25.345
2020-06-07 20:00:00+00:00,,34.184424738218354,12.754208403508548,61.18033846001138,25.775000000000002
2020-06-07 21:00:00+00:00,,29.986776484677367,11.48433999182963,47.50206229814538,25.52
